recovered_at_10,recovery@10,retriever,total_hard_cases
2432,0.9555992141453831,bm25,2545
612,0.24047151277013754,dense,2545
2349,0.9229862475442043,hybrid,2545
